{"mean":{"confidence_interval":{"confidence_level":0.95,"lower_bound":30.396851679087934,"upper_bound":30.6521514836501},"point_estimate":30.518497509939913,"standard_error":0.06512840011389273},"median":{"confidence_interval":{"confidence_level":0.95,"lower_bound":30.297603312111494,"upper_bound":30.440033469691336},"point_estimate":30.360381561600647,"standard_error":0.04348734064444346},"median_abs_dev":{"confidence_interval":{"confidence_level":0.95,"lower_bound":0.27123831021279027,"upper_bound":0.5331424419113613},"point_estimate":0.38475644405948956,"standard_error":0.06870952242536366},"slope":{"confidence_interval":{"confidence_level":0.95,"lower_bound":30.386498884148942,"upper_bound":30.57517160161593},"point_estimate":30.476739109591428,"standard_error":0.04803995608285421},"std_dev":{"confidence_interval":{"confidence_level":0.95,"lower_bound":0.48092382142279594,"upper_bound":0.820078996452741},"point_estimate":0.653250256193861,"standard_error":0.08742309663459194}}