{"mean":{"confidence_interval":{"confidence_level":0.95,"lower_bound":2.1119884237607462,"upper_bound":2.128194804495911},"point_estimate":2.1190783238521558,"standard_error":0.004180733090942531},"median":{"confidence_interval":{"confidence_level":0.95,"lower_bound":2.106920430117562,"upper_bound":2.1159680824406806},"point_estimate":2.110599636899563,"standard_error":0.0023561430838500612},"median_abs_dev":{"confidence_interval":{"confidence_level":0.95,"lower_bound":0.012283932530935696,"upper_bound":0.021352243316559927},"point_estimate":0.01603229514503228,"standard_error":0.002451623649702702},"slope":{"confidence_interval":{"confidence_level":0.95,"lower_bound":2.108654862170917,"upper_bound":2.1202599435317917},"point_estimate":2.113773463793362,"standard_error":0.0029734095436434018},"std_dev":{"confidence_interval":{"confidence_level":0.95,"lower_bound":0.018155765200772757,"upper_bound":0.06373305286711634},"point_estimate":0.04187951843603994,"standard_error":0.01259283653585243}}