{"mean":{"confidence_interval":{"confidence_level":0.95,"lower_bound":146232.8939958501,"upper_bound":149676.03054795},"point_estimate":147472.7751867817,"standard_error":980.8216699443967},"median":{"confidence_interval":{"confidence_level":0.95,"lower_bound":145906.82674329256,"upper_bound":146981.65826330532},"point_estimate":146605.70680014428,"standard_error":362.4987595674621},"median_abs_dev":{"confidence_interval":{"confidence_level":0.95,"lower_bound":947.6934218149232,"upper_bound":1748.0045822524517},"point_estimate":1275.7370591488843,"standard_error":202.08894423440734},"slope":{"confidence_interval":{"confidence_level":0.95,"lower_bound":146159.77299735972,"upper_bound":146631.78670483196},"point_estimate":146396.11616289135,"standard_error":119.84237176367716},"std_dev":{"confidence_interval":{"confidence_level":0.95,"lower_bound":1207.3910552445252,"upper_bound":16625.80995179693},"point_estimate":9805.287298075962,"standard_error":5232.671470328185}}